gameId,title,genres,platforms,releaseYear
3498,grand-theft-auto-v,adventure|action,pc|playstation5|xbox-one|playstation4|xbox-series-x|xbox360|playstation3,2
3328,the-witcher-3-wild-hunt,adventure|action|role-playing-games-rpg,pc|xbox-one|playstation4|nintendo-switch,2
5286,tomb-raider,adventure|action,pc|xbox-one|playstation4|macos|xbox360|playstation3,2
5679,the-elder-scrolls-v-skyrim,action|role-playing-games-rpg,pc|nintendo-switch|xbox360|playstation3,2
12020,left-4-dead-2,shooter|action,pc|xbox360,2
802,borderlands-2,shooter|action|role-playing-games-rpg,pc|xbox-one|playstation4|macos|xbox360|playstation3,2
13536,portal,adventure|action|puzzle,pc|android|macos|linux|xbox360|playstation3,2
4062,bioshock-infinite,shooter|action,pc|xbox-one|playstation4|nintendo-switch|linux|xbox360|playstation3,2
4291,counter-strike-global-offensive,shooter|action,pc|xbox360|playstation3,2
4286,bioshock,shooter|action,pc|playstation4|xbox-one|ios|macos|xbox360|playstation3,2
13537,half-life-2,shooter|action,pc|android|macos|linux|xbox360|xbox-old,2
28,red-dead-redemption-2,adventure|action,pc|xbox-one|playstation4,2
1030,limbo,adventure|action|puzzle|indie|platformer,pc|xbox-one|playstation4|nintendo-switch|ios|android|macos|linux|xbox360|playstation3|ps-vita,2
11859,team-fortress-2,shooter|action,pc|macos|linux,2
2454,doom,shooter|action,pc|xbox-one|playstation4|nintendo-switch,2
3070,fallout-4,action|role-playing-games-rpg,pc|xbox-one|playstation4,2
3939,payday-2,shooter|action,pc|xbox-one|linux,2
4459,grand-theft-auto-iv,adventure|action,pc|xbox-one|xbox360|playstation3,2
32,destiny-2,shooter|massively-multiplayer|action,pc|playstation5|xbox-one|playstation4|xbox-series-x|web,2
3272,rocket-league,racing|indie|action|sports,pc|xbox-one|playstation4|nintendo-switch|macos|linux,2
422,terraria,platformer|indie|action,pc|xbox-one|playstation4|nintendo-switch|ios|android|nintendo-3ds|macos|linux|xbox360|playstation3|ps-vita|wii-u,2
3612,hotline-miami,indie|shooter|arcade|action,pc|xbox-one|playstation4|nintendo-switch|linux|ps-vita,2
13668,amnesia-the-dark-descent,indie|adventure|action,pc|macos|linux,2
3790,outlast,indie|adventure|action,pc|xbox-one|playstation4|nintendo-switch|macos|linux,2
3144,super-meat-boy,platformer|indie|action,pc|playstation4|nintendo-switch|android|macos|linux|xbox360|ps-vita|wii-u|web,2
9767,hollow-knight,platformer|indie|action,pc|xbox-one|playstation4|nintendo-switch|macos|linux,2
613,bastion,indie|adventure|action|role-playing-games-rpg,pc|playstation4|xbox-one|nintendo-switch|ios|macos|linux|xbox360|ps-vita,2
10533,path-of-exile,indie|massively-multiplayer|action|role-playing-games-rpg,pc|xbox-one|playstation4,2
9721,garrys-mod,adventure|action|casual|simulation|indie,pc|macos|linux,2
12536,hellblade-senuas-sacrifice,indie|adventure|action,pc|xbox-one|playstation4|nintendo-switch,2
3254,journey,family|indie|adventure,pc|playstation4|ios|playstation3,2
654,stardew-valley,indie|role-playing-games-rpg|simulation,pc|xbox-one|playstation4|nintendo-switch|ios|android|macos|linux|ps-vita,2
9882,dont-starve-together,indie|action|simulation,pc|xbox-one|playstation4|macos|linux,2
18240,brothers-a-tale-of-two-sons-2,indie|adventure,pc|playstation4|xbox-one|nintendo-switch|ios|android|xbox360|playstation3,2
1010,transistor,indie|action|role-playing-games-rpg,pc|playstation4|nintendo-switch|ios|macos|linux,2
2792,layers-of-fear,indie|adventure,pc|xbox-one|playstation4|nintendo-switch|ios|macos|linux,2
2819,firewatch,indie|adventure,pc|xbox-one|playstation4|nintendo-switch|macos|linux,2
3853,trine-2-complete-story,platformer|indie|action|puzzle,pc|playstation4|nintendo-switch|macos|linux,2
15002,the-stanley-parable,indie|adventure,pc|macos|linux,2
3740,fez,adventure|action|puzzle|indie|platformer,pc|playstation4|nintendo-switch|ios|macos|linux|xbox360|playstation3|ps-vita,2
3439,life-is-strange-episode-1-2,adventure,pc|playstation4|xbox-one|ios|android|macos|linux|xbox360|playstation3,2
58175,god-of-war-2,adventure|action,playstation5|playstation4,2
278,horizon-zero-dawn,adventure|action|role-playing-games-rpg,pc|playstation4,2
23027,the-walking-dead,adventure|action,pc|playstation4|xbox-one|nintendo-switch|ios|android|macos|xbox360|playstation3|ps-vita,2
2462,uncharted-4-a-thiefs-end,adventure|action,playstation4,2
416,grand-theft-auto-san-andreas,adventure|action,pc|xbox-one|playstation4|ios|android|macos|xbox360|xbox-old|playstation3|playstation2,2
19487,alan-wake,shooter|adventure|action,pc|xbox-one|xbox360,2
58134,marvels-spider-man,adventure|action,playstation4,2
4386,saints-row-the-third,adventure|action,pc|xbox-one|linux|xbox360|playstation3,2
4514,la-noire,adventure|action,pc|xbox-one|playstation4|nintendo-switch|xbox360|playstation3,2
3636,the-last-of-us-remastered,adventure|action,playstation4,2
41494,cyberpunk-2077,adventure|action|role-playing-games-rpg,pc|playstation5|xbox-one|playstation4|xbox-series-x,2
4248,dishonored,shooter|adventure|action|role-playing-games-rpg,pc|xbox-one|playstation4|xbox360|playstation3,2
430,grand-theft-auto-vice-city,adventure|action,pc|playstation4|ios|android|macos|xbox-old|playstation3|playstation2,2
5563,fallout-new-vegas,shooter|adventure|action|role-playing-games-rpg,pc|xbox-one|playstation4|xbox360|playstation3,2
29177,detroit-become-human,adventure|action,pc|playstation4,2
3191,mad-max,adventure|action,pc|xbox-one|playstation4|macos|linux|xbox360,2
28179,sega-mega-drive-and-genesis-classics,adventure|action|role-playing-games-rpg|fighting|platformer,pc|xbox-one|playstation4|nintendo-switch|macos|linux,2
290856,apex-legends,massively-multiplayer|shooter|adventure|action,pc|xbox-one|playstation4|nintendo-switch|macos,2
2743,heavy-rain,adventure|action,pc|playstation4|playstation3,2
16944,the-witcher-2-assassins-of-kings-enhanced-edition,role-playing-games-rpg,pc|macos|xbox360,2
11973,shadow-of-mordor,action|role-playing-games-rpg,pc|playstation4|xbox-one|macos|linux|xbox360|playstation3,2
17822,the-witcher-enhanced-edition-directors-cut,action|role-playing-games-rpg,pc|macos,2
1447,deus-ex-mankind-divided,action|role-playing-games-rpg,pc|xbox-one|playstation4|macos|linux,2
4828,borderlands,shooter|action|role-playing-games-rpg,pc|xbox-one|nintendo-switch|xbox360|playstation3,2
2551,dark-souls-iii,action|role-playing-games-rpg,pc|xbox-one|playstation4,2
4806,mass-effect-2,action|role-playing-games-rpg,pc|xbox-one|xbox360|playstation3,2
4166,mass-effect,action|role-playing-games-rpg,pc|xbox-one|xbox360|playstation3,2
3387,bloodborne,action|role-playing-games-rpg,playstation4,2
3543,borderlands-the-pre-sequel,shooter|action|role-playing-games-rpg,pc|playstation4|nintendo-switch|android|macos|linux|xbox360|playstation3,2
39,prey,shooter|action|role-playing-games-rpg,pc|xbox-one|playstation4,2
11142,bioshock-2-remastered,action|role-playing-games-rpg,pc|xbox-one|playstation4|nintendo-switch|macos,2
864,dishonored-2,action|role-playing-games-rpg,pc|xbox-one|playstation4,2
13554,fallout-a-post-nuclear-role-playing-game,role-playing-games-rpg,pc|macos|macintosh,1
12447,the-elder-scrolls-v-skyrim-special-edition,action|role-playing-games-rpg,pc|xbox-one|playstation4,2
10141,nierautomata,action|role-playing-games-rpg,pc|xbox-one|playstation4,2
46889,monster-hunter-world-2,adventure|action|role-playing-games-rpg,pc|xbox-one|playstation4,2
3876,deus-ex-human-revolution-directors-cut,action|role-playing-games-rpg,pc|macos|xbox360|playstation3|wii-u,2
28492,dead-island,shooter|action|role-playing-games-rpg,pc|xbox360|playstation3,2
13627,undertale,indie|role-playing-games-rpg,pc|playstation4|xbox-one|xbox-series-x|nintendo-switch|macos|linux|ps-vita,2
13633,civilization-v,strategy,pc|macos|linux,2
13910,xcom-enemy-unknown,strategy,pc|ios|android|macos|xbox360|playstation3,2
5525,brutal-legend,strategy|action,pc|xbox-one|ios|macos|linux|xbox360|playstation3,2
10243,company-of-heroes-2,strategy|simulation,pc|macos|linux,2
10065,cities-skylines,strategy|simulation,pc|xbox-one|playstation4|nintendo-switch|macos|linux,2
10340,crusader-kings-ii,strategy|simulation,pc|macos|linux,2
10560,total-war-shogun-2,strategy,pc|macos|linux,2
952,shadowrun-returns,strategy|indie|role-playing-games-rpg,pc|ios|android|macos|linux,2
1256,xcom-2,strategy|role-playing-games-rpg,pc|playstation4|nintendo-switch|macos|linux,2
624,ftl-faster-than-light,strategy|indie|simulation,pc|ios|macos|linux,2
18183,company-of-heroes,strategy,pc|ios,2
16209,kingdom-classic,strategy|indie|simulation,pc|macos|linux,2
14512,age-of-wonders-iii,strategy|role-playing-games-rpg,pc|macos|linux,2
1244,darkest-dungeon,strategy|indie|role-playing-games-rpg,pc|playstation4|xbox-one|nintendo-switch|macos|linux|ps-vita,2
14016,tropico-4,strategy|simulation,pc|xbox-one|macos|xbox360,2
17380,sid-meiers-civilization-iii-complete,strategy|simulation,pc,2
28559,dragon-age-inquisition,strategy|action|role-playing-games-rpg,pc|xbox-one|playstation4|xbox360|playstation3,2
3912,sanctum-2,indie|shooter|strategy|action,pc|macos|linux|xbox360|playstation3,2
10073,divinity-original-sin-2,strategy|role-playing-games-rpg,pc|xbox-one|playstation4,2
10297,civilization-vi,strategy|simulation,pc|xbox-one|playstation4|nintendo-switch|ios|macos|linux,2
4200,portal-2,shooter|puzzle,pc|xbox-one|macos|linux|xbox360|playstation3,2
3192,metal-gear-solid-v-the-phantom-pain,shooter|action,pc|xbox-one|playstation4|xbox360|playstation3,2
766,warframe,shooter|massively-multiplayer|action,pc|playstation5|xbox-one|playstation4|xbox-series-x|nintendo-switch,2
29028,metro-2033,shooter|action,pc|xbox360,2
10035,hitman,shooter|action,pc|xbox-one|playstation4|macos|linux,2
4427,bioshock-2,shooter|action,pc|xbox-one|playstation4|nintendo-switch|macos|xbox360|playstation3,2
19710,half-life-2-episode-one,shooter|action,pc|android|macos|linux|xbox360,2
19709,half-life-2-episode-two,shooter,pc|android|macos|linux|xbox360,2
4332,spec-ops-the-line,shooter|action,pc|xbox-one|xbox360|playstation3,2
10754,bioshock-remastered,shooter,pc|xbox-one|playstation4|nintendo-switch|macos,2
4161,far-cry-3,shooter|action,pc|xbox-one|playstation4|xbox360|playstation3,2
3696,wolfenstein-the-new-order,shooter|action,pc|xbox-one|playstation4|xbox360|playstation3,2
18080,half-life,shooter|action,pc|macos|linux|playstation2,1
4570,dead-space,shooter|action,pc|xbox-one|xbox360|playstation3,2
5583,hitman-absolution,shooter|action,pc|playstation4|macos|xbox360|playstation3,2
3747,metal-gear-solid-v-ground-zeroes,shooter|action,pc|xbox-one|playstation4|xbox360|playstation3,2
3017,just-cause-3,shooter|action,pc|xbox-one|playstation4,2
4513,just-cause-2,shooter|action,pc|xbox-one|xbox360|playstation3,2
11934,counter-strike-source,shooter,pc|macos|linux,2
13535,left-4-dead,shooter|action,pc|macos|xbox360,2
326292,fall-guys,action|casual|sports|indie|massively-multiplayer,pc|xbox-one|playstation4|xbox-series-x|nintendo-switch,2
9830,brawlhalla,casual|indie|action|fighting,pc|xbox-one|playstation4|nintendo-switch|ios|macos,2
1959,goat-simulator,casual|indie|action|simulation,pc|playstation4|xbox-one|ios|android|macos|linux|xbox360|playstation3,2
16343,a-story-about-my-uncle,adventure|casual|arcade|indie|platformer,pc|macos|linux,2
2115,overcooked,casual|indie|arcade|simulation,pc|xbox-one|playstation4|nintendo-switch,2
2597,lego-lord-of-the-rings,casual|platformer|family|action,pc|ios|android|nintendo-3ds|nintendo-ds|xbox360|playstation3|ps-vita|wii,2
356714,among-us,casual|action|simulation,pc|nintendo-switch|ios|android,2
12019,battleblock-theater,adventure|action|casual|indie|platformer,pc|xbox-one|macos|linux|xbox360,2
3350,broken-age,adventure|puzzle|casual|family|indie,pc|xbox-one|playstation4|nintendo-switch|ios|android|macos|linux|ps-vita,2
17037,monaco-whats-yours-is-mine,casual|strategy|indie|action,pc|macos|linux|xbox360,2
23587,sonic-mania,casual|platformer|adventure|action,pc|xbox-one|playstation4|nintendo-switch,2
12569,starbound,casual|indie|action|role-playing-games-rpg,pc|macos|linux,2
42776,never-alone,casual|indie|adventure,pc|playstation4|xbox-one|ios|android|macos|linux|playstation3|wii-u,2
2300,drawful-2,casual|strategy|indie,pc|xbox-one|playstation4|nintendo-switch|macos,2
2434,vvvvvv,adventure|action|puzzle|casual|arcade|indie|platformer,pc|playstation4|nintendo-switch|ios|android|nintendo-3ds|macos|linux|ps-vita,2
204,clicker-heroes,adventure|role-playing-games-rpg|casual|strategy|simulation|indie,pc|xbox-one|playstation4|ios|android|macos,2
7317,scribblenauts-unlimited,casual|strategy|adventure|puzzle,pc|ios|android|nintendo-3ds|wii-u,2
327999,dota-underlords,casual|strategy|board-games,pc|ios|android|macos|linux,2
10293,tabletop-simulator,role-playing-games-rpg|casual|strategy|simulation|indie,pc|macos|linux,2
9575,vrchat,adventure|casual|simulation|sports|massively-multiplayer,pc,2
11435,viscera-cleanup-detail-shadow-warrior,indie|action|simulation,pc|macos,2
2572,dirt-rally,racing|simulation|sports,pc|xbox-one|playstation4|macos|linux,2
2093,no-mans-sky,adventure|action|role-playing-games-rpg|simulation|indie|massively-multiplayer,pc|playstation5|xbox-one|playstation4,2
1358,papers-please,indie|simulation|puzzle,pc|ios|macos|linux|ps-vita,2
3678,war-thunder,shooter|massively-multiplayer|action|simulation,pc|xbox-one|playstation4|macos|linux,2
1090,this-war-of-mine,indie|adventure|simulation,pc|nintendo-switch|ios|android|macos|linux,2
22509,minecraft,action|arcade|simulation|indie|massively-multiplayer,pc|xbox-one|playstation4|nintendo-switch|ios|android|nintendo-3ds|macos|linux|xbox360|playstation3|ps-vita|wii-u,2
9793,guns-of-icarus-online,indie|action|simulation,pc|macos|linux,2
559,fallout-shelter,role-playing-games-rpg|simulation,pc|xbox-one|playstation4|nintendo-switch|ios|android,2
9653,hacknet,indie|simulation,pc|macos|linux,2
12320,prison-architect-all-day-and-a-psych,strategy|indie|simulation,pc|xbox-one|playstation4|nintendo-switch|macos|linux,2
295021,orwell,indie|adventure|simulation|puzzle,pc|ios|android|macos|linux,2
9609,euro-truck-simulator-2,indie|simulation,pc|macos|linux,2
6879,the-flame-in-the-flood,indie|action|simulation,pc|xbox-one|playstation4|nintendo-switch|macos,2
11312,the-long-dark,indie|adventure|action|simulation,pc|xbox-one|playstation4|macos|linux,2
7381,abzu-2,indie|adventure|simulation,pc|xbox-one|playstation4|nintendo-switch,2
19592,hitman-2-silent-assassin,action|simulation,pc|xbox360|xbox-old|playstation3|playstation2|gamecube,2
22571,black-desert-online,adventure|action|role-playing-games-rpg|strategy|simulation|massively-multiplayer,pc|xbox-one|playstation4,2
45821,frostpunk,strategy|simulation,pc|xbox-one|playstation4|nintendo-switch,2
10310,robocraft,action|role-playing-games-rpg|simulation|indie|massively-multiplayer,pc|macos|linux,2
1450,inside,adventure|action|puzzle|indie|platformer,pc|xbox-one|playstation4|nintendo-switch|ios,2
3474,lara-croft-and-the-temple-of-osiris,adventure|action|puzzle,pc|xbox-one|playstation4,2
1774,grim-fandango-remastered,adventure|puzzle,pc|xbox-one|playstation4|nintendo-switch|ios|android|macos|linux|ps-vita,2
2873,the-witness,indie|adventure|puzzle,pc|xbox-one|playstation4|ios|android|macos,2
5161,braid,action|puzzle|arcade|indie|platformer,pc|xbox-one|ios|macos|linux|xbox360|playstation3,2
1789,the-swapper,adventure|action|puzzle|indie|platformer,pc|playstation4|xbox-one|macos|linux|playstation3|ps-vita|wii-u,2
1758,valiant-hearts-the-great-war,adventure|role-playing-games-rpg|puzzle,pc|playstation4|xbox-one|nintendo-switch|ios|android|xbox360|playstation3,2
12929,the-talos-principle,indie|adventure|puzzle,pc|xbox-one|playstation4|nintendo-switch|ios|android|macos|linux,2
719,deponia,indie|adventure|role-playing-games-rpg|puzzle,pc|xbox-one|playstation4|nintendo-switch|ios|macos|linux,2
13247,human-fall-flat,indie|action|puzzle,pc|xbox-one|playstation4|nintendo-switch|ios|android|macos|linux,2
1140,world-of-goo,educational|puzzle|strategy|indie|family,pc|nintendo-switch|ios|android|macos|linux|wii,2
1259,machinarium,family|indie|adventure|puzzle,pc|xbox-one|playstation4|nintendo-switch|ios|android|macos|linux|playstation3|ps-vita,2
3486,syberia,adventure|puzzle,pc|nintendo-switch|ios|android|nintendo-ds|macos|xbox360|playstation3,2
9744,rime,adventure|puzzle,pc|xbox-one|playstation4|nintendo-switch,2
59313,gris,indie|platformer|adventure|puzzle,pc|playstation4|nintendo-switch|ios|macos,2
3748,steamworld-dig,adventure|action|puzzle|indie|platformer,pc|xbox-one|playstation4|nintendo-switch|nintendo-3ds|macos|linux|ps-vita|wii-u,2
10327,spacechem,strategy|indie|simulation|puzzle,pc|android|macos|linux,2
22781,syberia-2,adventure|action|puzzle,pc|nintendo-switch|ios|android|macos|xbox360|xbox-old|playstation3|playstation2,2
99,snake-pass,adventure|puzzle|casual|simulation|indie,pc|xbox-one|playstation4|nintendo-switch,2
2287,her-story,indie|adventure|simulation|puzzle,pc|ios|android|macos,2
17540,injustice-gods-among-us-ultimate-edition,arcade|action|fighting,pc|playstation4|xbox360|playstation3|ps-vita,2
3408,hotline-miami-2-wrong-number,indie|shooter|arcade|action,pc|playstation4|nintendo-switch|ios|android|macos|linux|playstation3|ps-vita,2
5687,the-playroom,arcade,playstation4,2
14690,trine-enchanted-edition,indie|platformer|arcade|action,pc|playstation4|nintendo-switch|macos|linux,2
4347,dirt-showdown,racing|arcade|action,pc|xbox360|playstation3,2
19491,burnout-paradise-the-ultimate-box,racing|arcade,pc,2
4249,hell-yeah-wrath-of-the-dead-rabbit,platformer|arcade|action,pc|xbox360|playstation3,2
17599,mortal-kombat-komplete-edition,arcade|fighting,pc|xbox360|playstation3,2
4331,sonic-generations,family|platformer|arcade|action,pc|xbox-one|playstation4|nintendo-3ds|xbox360|playstation3,2
2131,race-the-sun,racing|arcade|action|indie,pc|xbox-one|playstation4|ios|macos|linux|playstation3|ps-vita|wii-u|web,2
2239,furi,arcade|action,pc|xbox-one|playstation4|nintendo-switch,2
3772,strider,arcade|adventure|action,pc|xbox-one|playstation4|xbox360|playstation3|wii,2
3501,littlebigplanet-3,arcade|adventure,playstation4|playstation3,2
4361,rayman-origins,family|platformer|arcade|action,pc|xbox-one|ios|nintendo-3ds|macos|xbox360|playstation3|ps-vita|wii,2
28026,super-mario-odyssey,platformer|arcade,nintendo-switch,2
59023,red-faction-guerilla-re-mars-tered,shooter|arcade|action,pc|xbox-one|playstation4|nintendo-switch,2
2830,unravel,adventure|action|puzzle|arcade|platformer,pc|xbox-one|playstation4|nintendo-switch|xbox360,2
11663,my-friend-pedro,indie|shooter|arcade|action,pc|xbox-one|playstation4|nintendo-switch,2
1612,super-hexagon,casual|indie|arcade|action,pc|ios|android|macos|linux,2
17158,pac-man-championship-edition-2,casual|arcade,pc|xbox-one|playstation4|nintendo-switch,2
2361,psychonauts,platformer|action,pc|playstation4|xbox-one|ios|macos|linux|xbox360|xbox-old|playstation3|playstation2,2
17572,batman-aa-goty,platformer|adventure|action,pc|xbox360|playstation3,2
3771,rayman-legends,platformer,pc|xbox-one|playstation4|nintendo-switch|xbox360|playstation3|ps-vita|wii-u,2
28154,cuphead,platformer|indie|action,pc|xbox-one|playstation4|nintendo-switch,2
19590,ori-and-the-blind-forest,platformer|adventure,pc|xbox-one|xbox360,2
17875,guacamelee-super-turbo-championship-edition,platformer|indie|action,pc|xbox-one|playstation4|nintendo-switch|xbox360|wii-u,2
17959,ori-and-the-blind-forest-definitive-edition,platformer|adventure,pc|xbox-one|nintendo-switch|xbox360,2
2733,broforce,platformer|indie|action,pc|playstation4|nintendo-switch|macos|linux,2
5193,oddworld-abes-oddysee,platformer|action,pc|android|playstation3|playstation1|ps-vita|psp|game-boy,1
11974,mark-of-the-ninja,platformer|indie|action,pc|nintendo-switch|macos|linux|xbox360,2
11726,dead-cells,platformer|indie|action|role-playing-games-rpg,pc|xbox-one|playstation4|nintendo-switch|ios,2
41,little-nightmares,platformer|action,pc|xbox-one|playstation4|nintendo-switch,2
53341,jet-set-radio-2012,platformer|action|sports,pc|ios|android|xbox360|playstation3|ps-vita|game-boy-advance|dreamcast,2
4000,remember-me,platformer|action,pc|xbox360|playstation3,2
892,dust-an-elysian-tail,platformer|indie|action|role-playing-games-rpg,pc|playstation4|nintendo-switch|ios|macos|linux|xbox360,2
3635,rogue-legacy,platformer|indie|action|role-playing-games-rpg,pc|playstation4|nintendo-switch|ios|xbox360|playstation3|ps-vita,2
3561,spelunky,platformer|indie,pc|playstation4|xbox360|playstation3|ps-vita,2
22121,celeste,platformer|indie,pc|xbox-one|playstation4|nintendo-switch|macos|linux,2
4676,outland,indie|platformer|adventure|action,pc|macos|linux|xbox360|playstation3,2
17252,deadlight,platformer|indie|action,pc|xbox360,2
4003,grid-2,racing|sports,pc|macos|xbox360|playstation3,2
5578,grid,racing,pc|xbox-one|nintendo-ds|xbox360|playstation3,2
5636,rage,racing|shooter|action,pc|xbox-one|xbox360|playstation3,2
58753,forza-horizon-4,racing|massively-multiplayer,pc|xbox-one|xbox-series-x,2
3251,f1-2015,racing|sports,pc|xbox-one|playstation4|linux,2
19633,need-for-speed-hot-pursuit-2,racing,pc|nintendo-switch|ios|android|xbox360|playstation3|wii,2
3090,need-for-speed,racing|adventure|action,pc|xbox-one|playstation4,2
11228,speedrunners,racing|action|casual|sports|indie,pc|xbox-one|playstation4|nintendo-switch|macos|linux,2
3726,trials-fusion,racing,pc|xbox-one|playstation4|xbox360,2
3838,need-for-speed-rivals,racing|action,pc|xbox-one|playstation4|xbox360|playstation3,2
966,sonic-all-stars-racing-transformed,racing|family|sports,pc|xbox-one|ios|android|nintendo-3ds|xbox360|playstation3|ps-vita|wii-u,2
23702,need-for-speed-payback,racing,pc|xbox-one|playstation4,2
2659,trackmania-turbo,racing|massively-multiplayer,pc|xbox-one|playstation4,2
5544,dirt-3,racing|arcade|sports,pc|xbox360|playstation3,2
59197,f1-2018,racing|simulation|sports,pc|xbox-one|playstation4,2
10342,raceroom-racing-experience,racing|simulation|sports,pc,2
5390,burnout-paradise,racing|arcade,pc|xbox-one|playstation4|nintendo-switch|xbox360|playstation3,2
3558,driveclub,racing|simulation,playstation4,2
244716,dirt-rally-20,racing|simulation|sports,pc|xbox-one|playstation4,2
41498,need-for-speed-most-wanted-a-criterion-game,racing|adventure|action,pc|ios|android|xbox360|playstation3|ps-vita|wii-u,2
715,steep,action|simulation|sports,pc|xbox-one|playstation4,2
61961,headsnatchers,casual|indie|action|sports,pc|playstation4|nintendo-switch,2
36,tekken-7,action|fighting|sports,pc|xbox-one|playstation4,2
18852,poker-night-at-the-inventory,casual|card|sports,pc|macos,2
28126,fifa-18,sports,pc|xbox-one|playstation4|nintendo-switch,2
27,pyre,adventure|role-playing-games-rpg|arcade|sports|indie,pc|playstation4|macos|linux,2
1249,ea-sports-fifa-17,sports,pc|xbox-one|playstation4|xbox360|playstation3,2
54,punch-club,role-playing-games-rpg|fighting|strategy|simulation|sports|indie,pc|xbox-one|playstation4|nintendo-switch|ios|nintendo-3ds|macos|linux,2
3580,fifa-15,sports,pc|playstation4|xbox-one|nintendo-3ds|xbox360|playstation3|ps-vita,2
16183,defy-gravity-extended,racing|adventure|action|role-playing-games-rpg|casual|strategy|simulation|sports|indie,pc,2
3413,olliolli2-welcome-to-olliwood,platformer|indie|action|sports,pc|playstation4|macos|linux|ps-vita,2
3154,nba-2k16,sports,pc|xbox-one|playstation4|xbox360|playstation3,2
10436,golf-with-your-friends,casual|indie|sports,pc|xbox-one|playstation4|nintendo-switch|macos|linux,2
16179,out-there-somewhere,racing|adventure|action|role-playing-games-rpg|casual|strategy|simulation|sports|indie,pc|macos,2
58394,horizon-chase-turbo,racing|action|casual|sports|indie,pc|xbox-one|playstation4|nintendo-switch|macos|linux,2
58732,fifa-19,simulation|sports,pc|xbox-one|playstation4|nintendo-switch|xbox360|playstation3,2
5783,fifa-14,sports,pc|playstation4|xbox-one|nintendo-switch|ios|android|nintendo-3ds|xbox360|playstation3|playstation2|ps-vita|psp|wii,2
16948,lethal-league,indie|action|sports,pc|xbox-one|playstation4|macos|linux,2
3164,ea-sports-fifa-16,sports,pc|xbox-one|playstation4|xbox360|playstation3,2
2306,poker-night-2,casual|card|board-games|sports,pc|ios|macos|xbox360|playstation3,2
10213,dota-2,massively-multiplayer|action,pc|macos|linux,2
362,for-honor,massively-multiplayer|action,pc|xbox-one|playstation4,2
10142,playerunknowns-battlegrounds,shooter|massively-multiplayer|action,pc|xbox-one|playstation4,2
906,cod-black-ops-iii,shooter|massively-multiplayer|action,pc|xbox-one|playstation4|xbox360|playstation3,2
43877,quake-champions,massively-multiplayer,pc,2
9671,rust,shooter|action|role-playing-games-rpg|indie|massively-multiplayer,pc|xbox-one|playstation4|macos|linux,2
678,neverwinter,massively-multiplayer|action|role-playing-games-rpg,pc|xbox-one|playstation4,2
3300,the-elder-scrolls-online-tamriel-unlimited,massively-multiplayer|action|role-playing-games-rpg,pc|xbox-one|playstation4|macos,2
10428,heroes-generals,indie|shooter|massively-multiplayer|action,pc,2
3290,planetside-2,shooter|massively-multiplayer|action,pc|playstation4,2
11147,ark-survival-of-the-fittest,action|role-playing-games-rpg|strategy|indie|massively-multiplayer,pc|ios|android|macos|linux,2
50781,sea-of-thieves,massively-multiplayer|adventure|action,pc|xbox-one,2
9853,h1z1-king-of-the-kill,massively-multiplayer|adventure|action,pc,2
197,trove,casual|massively-multiplayer|action|role-playing-games-rpg,pc|xbox-one|playstation4|macos,2
10296,tera,massively-multiplayer|action|role-playing-games-rpg,pc|xbox-one|playstation4,2
9810,ark-survival-evolved,adventure|action|role-playing-games-rpg|indie|massively-multiplayer,pc|xbox-one|playstation4|nintendo-switch|ios|macos|linux,2
7485,elite-dangerous,adventure|action|role-playing-games-rpg|simulation|massively-multiplayer,pc|xbox-one|playstation4|macos,2
13498,eve-online,strategy|massively-multiplayer|action|role-playing-games-rpg,pc|macos|linux,2
37669,marvel-heroes-omega,massively-multiplayer|action|role-playing-games-rpg,pc|xbox-one|playstation4|macos,2
58494,battlefield-v,massively-multiplayer|shooter|adventure|action,pc|xbox-one|playstation4,2
108,mortal-kombat-x,action|fighting,pc|xbox-one|playstation4|ios|android,2
14990,viking,adventure|action|role-playing-games-rpg|fighting,pc|xbox360|playstation3,2
44525,yakuza-kiwami,adventure|action|role-playing-games-rpg|fighting,pc|xbox-one|playstation4|playstation3,2
2805,street-fighter-v,action|fighting,pc|playstation4,2
38,injustice-2,fighting,pc|xbox-one|playstation4|ios|android,2
274480,mortal-kombat-11,adventure|action|fighting,pc|xbox-one|playstation4|nintendo-switch,2
9824,skullgirls,adventure|action|role-playing-games-rpg|fighting|indie,pc|xbox-one|playstation4|nintendo-switch|ios|macos|linux|xbox360|playstation3|ps-vita,2
11223,absolver,indie|adventure|action|fighting,pc|xbox-one|playstation4,2
1488,metal-slug-3,casual|arcade|action|fighting,pc|playstation4|xbox-one|ios|android|xbox360|playstation3|ps-vita|wii|neogeo,2
58829,super-smash-bros-ultimate,fighting,nintendo-switch,2
6885,pirates-3,educational|adventure|action|role-playing-games-rpg|fighting|strategy|arcade|simulation,pc|xbox-one|macos|xbox360|xbox-old|wii,2
54285,mortal-kombat,fighting,pc|game-boy|snes|commodore-amiga|genesis|sega-cd|sega-master-system|game-gear,1
49225,dragon-ball-fighterz,action|fighting,pc|xbox-one|playstation4|nintendo-switch,2
284664,streets-of-rage-4,indie|action|fighting,pc|xbox-one|playstation4|nintendo-switch,2
2503,party-hard,action|fighting|strategy|arcade|indie,pc|xbox-one|playstation4|nintendo-switch|android|macos|linux,2
50736,soulcalibur-vi,action|fighting,pc|xbox-one|playstation4,2
2828,naruto-shippuden-ultimate-ninja-storm-4,fighting,pc|xbox-one|playstation4,2
4187,playstation-all-stars-battle-royale,arcade|fighting,playstation3,2
20315,evoland-2,adventure|action|role-playing-games-rpg|fighting|arcade|indie,pc|ios|android|macos,2
3955,zeno-clash-2,shooter|indie|action|fighting,pc|xbox360|playstation3,2
3729,lego-the-hobbit,family|adventure|action,pc|playstation4|xbox-one|nintendo-3ds|macos|xbox360|playstation3|ps-vita|wii-u,2
3494,thomas-was-alone,family|indie|adventure,pc|xbox-one|playstation4|nintendo-switch|ios|android|macos|linux|playstation3|ps-vita|wii-u,2
3850,lego-marvel,family|adventure|action,pc|playstation4|xbox-one|ios|android|macos|xbox360|playstation3|ps-vita|wii-u,2
2639,day-of-the-tentacle-remastered,family|adventure,pc|playstation4|xbox-one|ios|macos|linux|ps-vita,2
12662,lego-star-wars-tcs,family|adventure|action,pc|xbox-one|ios|android|nintendo-ds|macos|xbox360|playstation3|wii,2
11425,spore,family|simulation,pc,2
5403,flower,arcade|family|casual|adventure,pc|playstation4|ios|playstation3|ps-vita,2
1854,costume-quest,adventure|action|role-playing-games-rpg|casual|family,pc|xbox-one|ios|macos|linux|xbox360|playstation3,2
4480,mini-ninjas,family|adventure|action,pc|nintendo-ds|macos|xbox360|playstation3|wii,2
12073,the-secret-of-monkey-island-special-edition,family|adventure,pc|macos|xbox360,2
17087,the-tiny-bang-story,adventure|puzzle|casual|family|indie,pc|nintendo-switch|ios|android|macos|linux,2
16543,lego-batman,adventure|action|arcade|family|platformer,pc|xbox-one|nintendo-ds|macos|xbox360|playstation3|playstation2|psp|wii,2
19908,lego-batman-2,family|adventure|action,pc|xbox-one|ios|android|nintendo-3ds|nintendo-ds|macos|xbox360|playstation3|ps-vita|wii-u|wii,2
3325,octodad-dadliest-catch,adventure|action|simulation|family|indie,pc|xbox-one|playstation4|nintendo-switch|ios|android|macos|linux|ps-vita|wii-u,2
1077,teslagrad,adventure|action|puzzle|family|indie|platformer,pc|xbox-one|playstation4|nintendo-switch|ios|android|macos|linux|playstation3|ps-vita|wii-u,2
447,lego-harry-potter,family|platformer|adventure|action,pc|android|nintendo-ds|macos|xbox360|playstation3|ps-vita|psp|wii,2
59637,untitled-goose-game,indie|family|action|puzzle,pc|xbox-one|playstation4|nintendo-switch|macos,2
1890,cogs,casual|indie|family|puzzle,pc|ios|android|macos|linux,2
7241,botanicula,adventure|puzzle|casual|family|indie,pc|ios|android|macos|linux,2
3186,tearaway-unfolded,family|adventure|action,playstation4,2
23557,gwent-the-witcher-card-game,card|strategy|board-games|role-playing-games-rpg,pc|xbox-one|playstation4|ios|android,2
2055,adventure-capitalist,casual|indie|board-games|simulation,pc|playstation4|ios|android|macos|linux,2
3187,armello,adventure|role-playing-games-rpg|strategy|indie|board-games,pc|xbox-one|playstation4|nintendo-switch|ios|macos|linux,2
758,hue,indie|adventure|board-games|puzzle,pc|playstation4|xbox-one|nintendo-switch|ios|macos|linux|ps-vita,2
10091,gremlins-inc,card|strategy|indie|board-games,pc|macos|linux,2
964,ticket-to-ride,casual|strategy|indie|board-games,pc|playstation4|xbox-one|ios|android|macos|xbox360,2
17379,sid-meiers-ace-patrol-2,casual|strategy|board-games,pc|ios,2
2427,sid-meiers-ace-patrol-pacific-skies,casual|strategy|board-games,pc|ios,2
12891,talisman,strategy|indie|board-games|role-playing-games-rpg,pc|ios|android|macos,2
47043,ticket-to-ride-first-journey,casual|strategy|family|board-games,pc|ios|android|macos,2
7147,lyne,casual|indie|board-games|puzzle,pc|ios|android|macos|linux,2
11553,business-tour,casual|strategy|indie|massively-multiplayer|board-games,pc|ios|macos,2
342,the-jackbox-party-pack,casual|strategy|card|indie|board-games,pc|xbox-one|playstation4|nintendo-switch|macos|xbox360|playstation3,2
6400,the-witcher-adventure-game,strategy|adventure|board-games|role-playing-games-rpg,pc|ios|android|macos,2
5076,greed-corp,strategy|board-games|simulation,pc|macos|xbox360|playstation3,2
16932,talisman-prologue-2,strategy|indie|board-games|role-playing-games-rpg,pc|ios|android,2
1082,hero-academy,strategy|indie|board-games,pc|ios|macos|linux,2
3977,magic-2014,card|strategy|board-games,pc|xbox360|playstation3,2
779,roblox,racing|shooter|adventure|action|role-playing-games-rpg|fighting|puzzle|strategy|arcade|simulation|sports|card|family|board-games|educational|casual|indie|massively-multiplayer|platformer,pc|xbox-one|ios|android|macos,2
916,small-world-2,casual|strategy|indie|board-games,pc|ios|android|macos|linux,2
2778,surgeon-simulator-cpr,educational|indie|action|simulation,pc|playstation4|nintendo-switch|ios|android|macos|linux,2
13777,sid-meiers-civilization-iv-colonization,strategy|educational|simulation,pc|ios|macos,2
2359,divide-by-sheep,educational|adventure|puzzle|casual|indie,pc|ios|macos,2
9768,gameguru,educational,pc,2
9969,app-game-kit-easy-game-development,educational,pc|macos|linux,2
2226,typerider,educational|adventure|puzzle|platformer|indie,pc|playstation4|nintendo-switch|ios|android|macos|linux|ps-vita,2
10364,911-operator,educational|casual|strategy|simulation|indie,pc|xbox-one|nintendo-switch|ios|android|macos|linux,2
5978,human-resource-machine,educational|puzzle|casual|simulation|indie,pc|nintendo-switch|ios|android|macos|linux|wii-u,2
32126,the-messenger,educational|adventure|action,pc|xbox-one|playstation4|nintendo-switch|ios|playstation1|macintosh,2
12039,niche-a-genetics-survival-game,strategy|indie|educational|simulation,pc|nintendo-switch|macos|linux,2
18367,simpleplanes,educational|indie|simulation,pc|ios|android|macos,2
6508,draw-a-stickman-epic,educational|adventure|role-playing-games-rpg|casual|family|indie,pc|xbox-one|ios|android,2
13289,construct-2,educational,pc,2
282882,through-the-darkest-of-times,educational|adventure|role-playing-games-rpg|strategy|simulation|indie,pc|xbox-one|playstation4|ios|macos,2
17952,sigils-of-elohim,educational|puzzle|casual|strategy|arcade|indie,pc|ios|android|macos|linux,2
20032,teddy-floppy-ear-mountain-adventure,casual|indie|educational|adventure,pc|ios|macos|linux,2
12300,teddy-floppy-ear-kayaking,casual|indie|educational|adventure,pc|ios|macos|linux,2
1638,doodle-god,educational|puzzle|casual|simulation|indie|board-games,pc|playstation4|ios|android|macos|linux|playstation3|ps-vita|web,2
11555,clickteam-fusion-25,educational,pc,2
50616,while-true-learn,educational|indie|simulation|puzzle,pc|playstation4|nintendo-switch|ios|macos|linux,2
28121,slay-the-spire,card|strategy|indie|role-playing-games-rpg,pc|xbox-one|playstation4|nintendo-switch|ios|android|macos|linux,2
8923,faeria,card|strategy|massively-multiplayer|indie,pc|xbox-one|playstation4|nintendo-switch|ios|macos|linux,2
533,magic-duels,card|strategy,pc|xbox-one|ios,2
332,the-elder-scrolls-legends,card|strategy,pc|nintendo-switch|ios|android|macos,2
1757,reigns,adventure|role-playing-games-rpg|simulation|card|indie,pc|ios|android|macos|linux,2
50671,cultist-simulator,card|indie|role-playing-games-rpg|simulation,pc|nintendo-switch|ios|android|macos|linux,2
8845,yu-gi-oh-duel-links,card|strategy|role-playing-games-rpg,pc|ios|android,2
2737,shadowverse-ccg,card|strategy|massively-multiplayer,pc|ios|android|macos,2
181,hearthstone,card|strategy,pc|ios|android|macos,2
9696,eternal-card-game,casual|card|strategy|massively-multiplayer,pc|xbox-one|nintendo-switch|ios|android|macos,2
49950,reigns-her-majesty,adventure|role-playing-games-rpg|casual|simulation|card|indie,pc|ios|android|macos|linux,2
1091,guild-of-dungeoneering,card|indie|role-playing-games-rpg,pc|ios|android|macos,2
2157,solforge,casual|card|strategy|role-playing-games-rpg,pc|ios|macos|linux,2
67508,microsoft-solitaire-collection,card,pc|ios|android,2
1660,sentinels-of-the-multiverse,card|strategy|indie|board-games,pc|ios|android|macos|linux,2
4946,magic-the-gathering-duels-of-the-planeswalkers,card,pc|xbox360|playstation3,2
2088,card-city-nights,adventure|puzzle|casual|card|indie,pc|ios|android|macos|linux,2
42714,magic-2015,card|strategy,pc|xbox-one|ios|android|xbox360,2
8760,star-crusade-ccg,casual|card|strategy|massively-multiplayer,pc|ios|android,2
61585,reigns-game-of-thrones,card|adventure|role-playing-games-rpg|indie,pc|nintendo-switch|ios|android|macos|linux,2
